geo_id,pop,date,case_count,hosp_count,death_count,pcr_test_count,pcr_test_pos_count,pcr_test_pos_percent
King,2260800,01/01/2020,0,0,0,4,0,0
King,2260800,01/02/2020,0,0,0,0,0,
King,2260800,01/03/2020,0,0,0,0,0,
King,2260800,01/04/2020,0,0,0,42,2,4.7619
King,2260800,01/05/2020,0,0,0,7,0,0
King,2260800,01/06/2020,0,0,0,1,0,0
King,2260800,01/07/2020,2,0,0,4,2,50
King,2260800,01/08/2020,0,1,0,0,0,
King,2260800,01/09/2020,0,0,0,0,0,
King,2260800,01/10/2020,0,0,0,1,0,0
King,2260800,01/11/2020,0,0,0,1,0,0
King,2260800,01/12/2020,0,0,0,3,0,0
King,2260800,01/13/2020,0,0,0,0,0,
King,2260800,01/14/2020,0,0,0,0,0,
King,2260800,01/15/2020,0,0,0,0,0,
King,2260800,01/16/2020,0,0,0,0,0,
King,2260800,01/17/2020,0,0,0,1,0,0
King,2260800,01/18/2020,0,0,0,0,0,
King,2260800,01/19/2020,0,0,0,0,0,
King,2260800,01/20/2020,0,0,0,0,0,
King,2260800,01/21/2020,0,0,0,1,0,0
King,2260800,01/22/2020,0,0,0,1,0,0
King,2260800,01/23/2020,0,1,0,2,0,0
King,2260800,01/24/2020,0,0,0,0,0,
King,2260800,01/25/2020,0,0,0,0,0,
King,2260800,01/26/2020,0,0,0,0,0,
King,2260800,01/27/2020,0,1,0,6,0,0
King,2260800,01/28/2020,0,0,0,1,0,0
King,2260800,01/29/2020,0,0,0,3,0,0
King,2260800,01/30/2020,0,0,0,1,0,0
King,2260800,01/31/2020,0,0,0,3,0,0
King,2260800,02/01/2020,0,1,0,0,0,
King,2260800,02/02/2020,0,0,0,1,0,0
King,2260800,02/03/2020,0,0,0,0,0,
King,2260800,02/04/2020,0,0,0,1,0,0
King,2260800,02/05/2020,0,0,0,1,0,0
King,2260800,02/06/2020,0,0,0,0,0,
King,2260800,02/07/2020,0,0,0,0,0,
King,2260800,02/08/2020,0,2,0,1,0,0
King,2260800,02/09/2020,0,0,0,2,0,0
King,2260800,02/10/2020,0,0,0,19,0,0
King,2260800,02/11/2020,0,3,0,24,0,0
King,2260800,02/12/2020,0,1,0,0,0,
King,2260800,02/13/2020,0,0,0,41,0,0
King,2260800,02/14/2020,0,0,0,0,0,
King,2260800,02/15/2020,0,2,0,0,0,
King,2260800,02/16/2020,0,0,0,0,0,
King,2260800,02/17/2020,0,1,0,0,0,
King,2260800,02/18/2020,0,1,0,1,0,0
King,2260800,02/19/2020,0,3,0,2,0,0
King,2260800,02/20/2020,0,3,0,1,0,0
King,2260800,02/21/2020,1,4,0,1,1,100
King,2260800,02/22/2020,1,4,0,2,1,50
King,2260800,02/23/2020,1,2,0,2,1,50
King,2260800,02/24/2020,1,5,0,2,1,50
King,2260800,02/25/2020,1,1,0,2,1,50
King,2260800,02/26/2020,2,1,2,3,2,66.6667
King,2260800,02/27/2020,3,10,0,5,3,60
King,2260800,02/28/2020,9,7,2,9,9,100
King,2260800,02/29/2020,16,4,1,25,16,64
King,2260800,03/01/2020,12,4,3,43,12,27.907
King,2260800,03/02/2020,18,14,2,100,18,18
King,2260800,03/03/2020,15,12,3,120,16,13.3333
King,2260800,03/04/2020,25,10,2,152,25,16.4474
King,2260800,03/05/2020,38,21,4,209,38,18.1818
King,2260800,03/06/2020,25,15,4,225,25,11.1111
King,2260800,03/07/2020,21,11,0,181,21,11.6022
King,2260800,03/08/2020,44,14,5,231,45,19.4805
King,2260800,03/09/2020,36,14,3,430,36,8.3721
King,2260800,03/10/2020,71,19,2,756,71,9.3915
King,2260800,03/11/2020,62,16,2,831,62,7.4609
King,2260800,03/12/2020,99,23,4,1241,99,7.9774
King,2260800,03/13/2020,121,15,3,1447,121,8.3621
King,2260800,03/14/2020,75,16,4,810,75,9.2593
King,2260800,03/15/2020,46,13,4,480,46,9.5833
King,2260800,03/16/2020,136,23,6,1572,136,8.6514
King,2260800,03/17/2020,124,18,7,1440,124,8.6111
King,2260800,03/18/2020,148,13,4,1538,148,9.6229
King,2260800,03/19/2020,159,26,5,1475,159,10.7797
King,2260800,03/20/2020,119,22,7,1310,119,9.084
King,2260800,03/21/2020,82,23,4,676,82,12.1302
King,2260800,03/22/2020,79,21,14,476,79,16.5966
King,2260800,03/23/2020,203,43,9,1621,208,12.8316
King,2260800,03/24/2020,177,25,9,1609,177,11.0006
King,2260800,03/25/2020,179,33,9,1560,179,11.4744
King,2260800,03/26/2020,173,28,15,1407,173,12.2957
King,2260800,03/27/2020,212,34,9,1541,212,13.7573
King,2260800,03/28/2020,97,40,14,833,97,11.6447
King,2260800,03/29/2020,125,38,8,654,125,19.1131
King,2260800,03/30/2020,233,38,4,1809,233,12.88
King,2260800,03/31/2020,201,37,5,1614,201,12.4535
King,2260800,04/01/2020,179,38,12,1646,179,10.8748
King,2260800,04/02/2020,178,40,11,1642,178,10.8404
King,2260800,04/03/2020,203,47,13,1698,203,11.9552
King,2260800,04/04/2020,95,26,12,1019,95,9.3229
King,2260800,04/05/2020,74,32,16,760,74,9.7368
King,2260800,04/06/2020,165,24,13,1757,165,9.391
King,2260800,04/07/2020,192,30,15,2005,192,9.5761
King,2260800,04/08/2020,144,22,10,1786,144,8.0627
King,2260800,04/09/2020,160,30,7,1628,161,9.8894
King,2260800,04/10/2020,134,31,13,1667,134,8.0384
King,2260800,04/11/2020,72,24,10,931,72,7.7336
King,2260800,04/12/2020,36,17,5,623,36,5.7785
King,2260800,04/13/2020,147,16,8,1787,147,8.2261
King,2260800,04/14/2020,128,19,5,1758,131,7.4516
King,2260800,04/15/2020,137,22,5,1802,137,7.6027
King,2260800,04/16/2020,128,25,12,1911,129,6.7504
King,2260800,04/17/2020,146,23,7,1950,147,7.5385
King,2260800,04/18/2020,57,20,11,1197,57,4.7619
King,2260800,04/19/2020,41,20,12,910,41,4.5055
King,2260800,04/20/2020,124,17,6,1888,124,6.5678
King,2260800,04/21/2020,108,22,14,1842,108,5.8632
King,2260800,04/22/2020,115,21,5,1982,115,5.8022
King,2260800,04/23/2020,102,13,5,1861,102,5.4809
King,2260800,04/24/2020,94,13,8,1984,94,4.7379
King,2260800,04/25/2020,68,17,10,1716,68,3.9627
King,2260800,04/26/2020,45,15,9,897,45,5.0167
King,2260800,04/27/2020,123,6,6,1909,123,6.4432
King,2260800,04/28/2020,96,16,5,2367,96,4.0558
King,2260800,04/29/2020,118,14,6,2309,118,5.1104
King,2260800,04/30/2020,83,6,4,2075,83,4
King,2260800,05/01/2020,134,9,7,2021,134,6.6304
King,2260800,05/02/2020,45,16,4,1190,45,3.7815
King,2260800,05/03/2020,26,6,4,745,26,3.4899
King,2260800,05/04/2020,113,12,7,2470,113,4.5749
King,2260800,05/05/2020,79,10,4,2278,79,3.468
King,2260800,05/06/2020,95,10,5,2064,95,4.6027
King,2260800,05/07/2020,78,7,5,1844,78,4.2299
King,2260800,05/08/2020,72,10,6,2071,72,3.4766
King,2260800,05/09/2020,49,8,4,991,49,4.9445
King,2260800,05/10/2020,17,12,10,532,17,3.1955
King,2260800,05/11/2020,79,10,2,2194,79,3.6007
King,2260800,05/12/2020,72,9,3,2084,72,3.4549
King,2260800,05/13/2020,87,7,1,2058,87,4.2274
King,2260800,05/14/2020,68,9,3,2239,68,3.0371
King,2260800,05/15/2020,96,5,1,2318,97,4.1846
King,2260800,05/16/2020,28,5,4,1325,28,2.1132
King,2260800,05/17/2020,18,3,4,791,18,2.2756
King,2260800,05/18/2020,78,8,1,2683,78,2.9072
King,2260800,05/19/2020,46,9,4,2191,46,2.0995
King,2260800,05/20/2020,81,10,3,2150,81,3.7674
King,2260800,05/21/2020,43,5,3,1564,43,2.7494
King,2260800,05/22/2020,51,10,2,1560,51,3.2692
King,2260800,05/23/2020,21,8,4,1129,21,1.8601
King,2260800,05/24/2020,16,7,3,832,16,1.9231
King,2260800,05/25/2020,15,7,3,896,15,1.6741
King,2260800,05/26/2020,72,3,1,2518,72,2.8594
King,2260800,05/27/2020,57,7,6,2297,57,2.4815
King,2260800,05/28/2020,64,3,1,1698,64,3.7691
King,2260800,05/29/2020,84,9,3,1845,84,4.5528
King,2260800,05/30/2020,30,3,1,1354,30,2.2157
King,2260800,05/31/2020,11,6,2,771,11,1.4267
King,2260800,06/01/2020,52,6,2,2140,52,2.4299
King,2260800,06/02/2020,66,2,2,2214,66,2.981
King,2260800,06/03/2020,59,3,1,2450,59,2.4082
King,2260800,06/04/2020,36,2,2,1802,37,2.0533
King,2260800,06/05/2020,43,6,1,2719,43,1.5815
King,2260800,06/06/2020,26,3,1,1903,26,1.3663
King,2260800,06/07/2020,14,5,3,975,14,1.4359
King,2260800,06/08/2020,59,5,2,3641,59,1.6204
King,2260800,06/09/2020,42,3,1,3719,42,1.1293
King,2260800,06/10/2020,53,7,0,3854,54,1.4011
King,2260800,06/11/2020,52,2,5,3553,54,1.5198
King,2260800,06/12/2020,77,0,3,3348,77,2.2999
King,2260800,06/13/2020,38,3,1,3239,38,1.1732
King,2260800,06/14/2020,25,3,1,1583,25,1.5793
King,2260800,06/15/2020,69,7,0,4253,69,1.6224
King,2260800,06/16/2020,79,4,1,4320,79,1.8287
King,2260800,06/17/2020,85,4,0,4130,86,2.0823
King,2260800,06/18/2020,78,3,1,3693,78,2.1121
King,2260800,06/19/2020,87,5,0,3828,89,2.325
King,2260800,06/20/2020,69,6,1,3224,69,2.1402
King,2260800,06/21/2020,43,4,2,1258,43,3.4181
King,2260800,06/22/2020,145,6,0,4708,145,3.0799
King,2260800,06/23/2020,135,8,3,4612,136,2.9488
King,2260800,06/24/2020,153,5,0,4664,153,3.2804
King,2260800,06/25/2020,142,9,2,4038,142,3.5166
King,2260800,06/26/2020,132,4,1,4338,132,3.0429
King,2260800,06/27/2020,139,12,1,3704,139,3.7527
King,2260800,06/28/2020,48,11,0,1505,48,3.1894
King,2260800,06/29/2020,295,5,0,6357,296,4.6563
King,2260800,06/30/2020,209,4,0,6612,209,3.1609
King,2260800,07/01/2020,222,3,2,5928,222,3.7449
King,2260800,07/02/2020,216,5,2,5524,216,3.9102
King,2260800,07/03/2020,120,7,3,4251,120,2.8229
King,2260800,07/04/2020,51,5,0,1638,51,3.1136
King,2260800,07/05/2020,65,5,1,1470,65,4.4218
King,2260800,07/06/2020,207,9,2,6337,207,3.2665
King,2260800,07/07/2020,224,12,2,6373,225,3.5305
King,2260800,07/08/2020,197,9,2,5163,197,3.8156
King,2260800,07/09/2020,190,6,5,4530,188,4.1501
King,2260800,07/10/2020,207,7,1,4878,207,4.2435
King,2260800,07/11/2020,101,11,0,4268,101,2.3664
King,2260800,07/12/2020,67,8,0,1774,67,3.7768
King,2260800,07/13/2020,233,9,1,6563,232,3.535
King,2260800,07/14/2020,216,15,2,6516,216,3.3149
King,2260800,07/15/2020,237,6,1,6273,220,3.5071
King,2260800,07/16/2020,171,6,0,5363,168,3.1326
King,2260800,07/17/2020,206,8,0,5786,196,3.3875
King,2260800,07/18/2020,112,8,2,4284,112,2.6144
King,2260800,07/19/2020,75,10,2,1673,75,4.483
King,2260800,07/20/2020,209,8,2,6338,208,3.2818
King,2260800,07/21/2020,232,6,1,6082,232,3.8145
King,2260800,07/22/2020,216,9,2,5996,211,3.519
King,2260800,07/23/2020,192,4,1,5140,178,3.463
King,2260800,07/24/2020,156,9,1,5629,156,2.7714
King,2260800,07/25/2020,111,6,1,4469,112,2.5062
King,2260800,07/26/2020,59,10,2,1756,59,3.3599
King,2260800,07/27/2020,212,11,1,6670,209,3.1334
King,2260800,07/28/2020,215,9,2,6080,214,3.5197
King,2260800,07/29/2020,193,11,3,5882,183,3.1112
King,2260800,07/30/2020,161,12,2,5328,162,3.0405
King,2260800,07/31/2020,169,13,5,5505,152,2.7611
King,2260800,08/01/2020,93,10,3,4401,93,2.1132
King,2260800,08/02/2020,37,6,1,1861,37,1.9882
King,2260800,08/03/2020,166,8,3,7172,164,2.2867
King,2260800,08/04/2020,191,13,6,6401,190,2.9683
King,2260800,08/05/2020,163,6,3,5949,158,2.6559
King,2260800,08/06/2020,159,10,1,5954,159,2.6705
King,2260800,08/07/2020,165,7,7,6063,162,2.6719
King,2260800,08/08/2020,102,7,2,4850,102,2.1031
King,2260800,08/09/2020,51,5,2,1759,51,2.8994
King,2260800,08/10/2020,198,11,2,7954,196,2.4642
King,2260800,08/11/2020,148,6,0,6735,146,2.1678
King,2260800,08/12/2020,157,7,4,7330,150,2.0464
King,2260800,08/13/2020,144,10,2,6298,142,2.2547
King,2260800,08/14/2020,191,11,4,6081,180,2.96
King,2260800,08/15/2020,125,8,2,4568,125,2.7364
King,2260800,08/16/2020,39,7,2,1778,39,2.1935
King,2260800,08/17/2020,180,9,2,7521,179,2.38
King,2260800,08/18/2020,106,9,4,6734,105,1.5593
King,2260800,08/19/2020,164,12,2,7122,153,2.1483
King,2260800,08/20/2020,133,10,0,6044,130,2.1509
King,2260800,08/21/2020,131,6,1,5516,124,2.248
King,2260800,08/22/2020,63,4,2,4402,63,1.4312
King,2260800,08/23/2020,51,8,0,1714,51,2.9755
King,2260800,08/24/2020,167,10,0,7433,164,2.2064
King,2260800,08/25/2020,160,5,2,6618,157,2.3723
King,2260800,08/26/2020,133,2,4,6431,127,1.9748
King,2260800,08/27/2020,122,5,0,5560,119,2.1403
King,2260800,08/28/2020,111,2,0,5729,108,1.8851
King,2260800,08/29/2020,80,1,0,4423,80,1.8087
King,2260800,08/30/2020,23,3,1,1872,23,1.2286
King,2260800,08/31/2020,125,9,3,7864,122,1.5514
King,2260800,09/01/2020,122,9,0,7155,119,1.6632
King,2260800,09/02/2020,125,10,2,6740,109,1.6172
King,2260800,09/03/2020,120,6,2,5849,119,2.0345
King,2260800,09/04/2020,89,6,0,5405,85,1.5726
King,2260800,09/05/2020,82,6,3,4287,82,1.9128
King,2260800,09/06/2020,29,5,1,2029,29,1.4293
King,2260800,09/07/2020,60,2,1,2490,60,2.4096
King,2260800,09/08/2020,118,3,0,8013,116,1.4476
King,2260800,09/09/2020,130,5,0,6916,125,1.8074
King,2260800,09/10/2020,104,4,0,5851,103,1.7604
King,2260800,09/11/2020,79,4,2,4966,78,1.5707
King,2260800,09/12/2020,59,3,0,3813,59,1.5473
King,2260800,09/13/2020,24,0,1,1649,24,1.4554
King,2260800,09/14/2020,112,4,0,5512,109,1.9775
King,2260800,09/15/2020,81,2,3,7177,81,1.1286
King,2260800,09/16/2020,87,5,2,6290,87,1.3831
King,2260800,09/17/2020,105,2,0,5860,101,1.7235
King,2260800,09/18/2020,84,3,1,5316,82,1.5425
King,2260800,09/19/2020,68,5,0,4626,69,1.4916
King,2260800,09/20/2020,18,5,3,1981,18,0.9086
King,2260800,09/21/2020,124,9,1,7977,124,1.5545
King,2260800,09/22/2020,96,7,0,6937,96,1.3839
King,2260800,09/23/2020,106,2,0,6627,98,1.4788
King,2260800,09/24/2020,131,12,1,6299,131,2.0797
King,2260800,09/25/2020,117,7,0,6138,118,1.9225
King,2260800,09/26/2020,92,1,1,4931,92,1.8657
King,2260800,09/27/2020,31,6,0,1925,31,1.6104
King,2260800,09/28/2020,232,3,1,8747,230,2.6295
King,2260800,09/29/2020,172,6,1,7411,172,2.3209
King,2260800,09/30/2020,163,6,1,7425,154,2.0741
King,2260800,10/01/2020,163,10,5,6670,159,2.3838
King,2260800,10/02/2020,158,3,1,7301,156,2.1367
King,2260800,10/03/2020,138,6,1,6420,138,2.1495
King,2260800,10/04/2020,40,6,0,2710,40,1.476
King,2260800,10/05/2020,211,8,4,10883,204,1.8745
King,2260800,10/06/2020,167,11,4,10026,165,1.6457
King,2260800,10/07/2020,187,7,3,9501,186,1.9577
King,2260800,10/08/2020,160,5,1,7654,156,2.0381
King,2260800,10/09/2020,187,3,0,7657,183,2.39
King,2260800,10/10/2020,108,10,1,6067,108,1.7801
King,2260800,10/11/2020,41,4,0,2102,41,1.9505
King,2260800,10/12/2020,184,5,2,9417,181,1.9221
King,2260800,10/13/2020,146,6,1,8780,146,1.6629
King,2260800,10/14/2020,200,12,0,8972,195,2.1734
King,2260800,10/15/2020,210,7,0,7885,206,2.6126
King,2260800,10/16/2020,168,12,0,8001,159,1.9873
King,2260800,10/17/2020,119,5,1,6062,120,1.9795
King,2260800,10/18/2020,37,7,2,2334,37,1.5853
King,2260800,10/19/2020,245,11,2,10357,243,2.3462
King,2260800,10/20/2020,254,12,1,9525,250,2.6247
King,2260800,10/21/2020,202,4,3,8971,197,2.196
King,2260800,10/22/2020,227,8,1,8083,225,2.7836
King,2260800,10/23/2020,228,12,2,7740,220,2.8424
King,2260800,10/24/2020,200,3,3,6210,198,3.1884
King,2260800,10/25/2020,51,2,1,2384,51,2.1393
King,2260800,10/26/2020,341,8,1,10875,338,3.108
King,2260800,10/27/2020,301,10,2,10187,296,2.9057
King,2260800,10/28/2020,364,7,2,10352,353,3.41
King,2260800,10/29/2020,364,15,1,9622,357,3.7102
King,2260800,10/30/2020,331,8,1,8830,319,3.6127
King,2260800,10/31/2020,257,7,2,6800,257,3.7794
King,2260800,11/01/2020,71,9,0,2510,71,2.8287
King,2260800,11/02/2020,500,12,2,12399,491,3.96
King,2260800,11/03/2020,471,12,1,10228,468,4.5757
King,2260800,11/04/2020,593,13,1,10916,569,5.2125
King,2260800,11/05/2020,522,13,1,10302,508,4.9311
King,2260800,11/06/2020,544,22,1,9310,541,5.811
King,2260800,11/07/2020,471,24,1,8361,471,5.6333
King,2260800,11/08/2020,118,22,2,2653,118,4.4478
King,2260800,11/09/2020,747,28,3,12767,739,5.7884
King,2260800,11/10/2020,648,18,4,12387,639,5.1586
King,2260800,11/11/2020,645,22,1,11386,637,5.5946
King,2260800,11/12/2020,762,17,1,11864,757,6.3806
King,2260800,11/13/2020,789,33,1,11775,760,6.4544
King,2260800,11/14/2020,706,29,2,9840,705,7.1646
King,2260800,11/15/2020,187,25,2,3241,187,5.7698
King,2260800,11/16/2020,956,29,4,15141,947,6.2545
King,2260800,11/17/2020,878,29,2,15889,874,5.5007
King,2260800,11/18/2020,818,33,1,15485,797,5.1469
King,2260800,11/19/2020,850,27,4,14900,836,5.6107
King,2260800,11/20/2020,939,33,2,15325,930,6.0685
King,2260800,11/21/2020,666,24,7,13225,662,5.0057
King,2260800,11/22/2020,255,26,7,4448,255,5.7329
King,2260800,11/23/2020,968,34,2,18237,964,5.286
King,2260800,11/24/2020,870,20,3,15945,860,5.3935
King,2260800,11/25/2020,837,28,3,11482,829,7.22
King,2260800,11/26/2020,116,28,7,1411,116,8.2211
King,2260800,11/27/2020,803,33,1,9536,799,8.3788
King,2260800,11/28/2020,695,25,5,9169,696,7.5908
King,2260800,11/29/2020,200,28,5,3272,200,6.1125
King,2260800,11/30/2020,1207,28,11,14818,1187,8.0105
King,2260800,12/01/2020,842,31,6,11638,836,7.1834
King,2260800,12/02/2020,722,32,11,12049,706,5.8594
King,2260800,12/03/2020,827,27,10,11894,819,6.8858
King,2260800,12/04/2020,797,34,11,12432,792,6.3707
King,2260800,12/05/2020,575,26,8,8765,566,6.4575
King,2260800,12/06/2020,184,23,3,3454,183,5.2982
King,2260800,12/07/2020,1099,33,10,13648,1062,7.7814
King,2260800,12/08/2020,761,24,8,11950,746,6.2427
King,2260800,12/09/2020,681,43,8,10655,671,6.2975
King,2260800,12/10/2020,641,33,10,10175,627,6.1622
King,2260800,12/11/2020,722,39,10,10748,704,6.5501
King,2260800,12/12/2020,513,27,5,8404,502,5.9733
King,2260800,12/13/2020,155,36,11,3432,151,4.3998
King,2260800,12/14/2020,827,40,6,14834,800,5.393
King,2260800,12/15/2020,700,34,9,14017,677,4.8298
King,2260800,12/16/2020,663,27,13,13554,625,4.6112
King,2260800,12/17/2020,636,24,7,13373,622,4.6512
King,2260800,12/18/2020,571,22,6,13583,557,4.1007
King,2260800,12/19/2020,406,22,13,10901,399,3.6602
King,2260800,12/20/2020,183,26,6,3104,169,5.4446
King,2260800,12/21/2020,725,33,13,17742,693,3.906
King,2260800,12/22/2020,622,32,13,15676,620,3.9551
King,2260800,12/23/2020,547,24,6,11809,518,4.3865
King,2260800,12/24/2020,325,28,14,5575,310,5.5605
King,2260800,12/25/2020,49,33,7,1003,47,4.6859
King,2260800,12/26/2020,579,20,3,9354,564,6.0295
King,2260800,12/27/2020,181,20,9,3104,172,5.5412
King,2260800,12/28/2020,844,23,6,15896,837,5.2655
King,2260800,12/29/2020,709,22,14,13685,704,5.1443
King,2260800,12/30/2020,686,38,10,13076,664,5.078
King,2260800,12/31/2020,636,28,10,9936,629,6.3305
King,2260800,01/01/2021,146,27,6,1824,113,6.1952
King,2260800,01/02/2021,721,18,6,11584,698,6.0256
King,2260800,01/03/2021,187,23,8,3756,180,4.7923
King,2260800,01/04/2021,961,28,6,15578,950,6.0983
King,2260800,01/05/2021,832,25,10,13258,755,5.6947
King,2260800,01/06/2021,763,25,7,12697,710,5.5919
King,2260800,01/07/2021,653,14,9,11352,629,5.5409
King,2260800,01/08/2021,575,34,6,10700,550,5.1402
King,2260800,01/09/2021,443,16,5,8377,432,5.157
King,2260800,01/10/2021,132,25,5,3060,122,3.9869
King,2260800,01/11/2021,704,25,12,13217,686,5.1903
King,2260800,01/12/2021,514,23,5,11753,503,4.2798
King,2260800,01/13/2021,477,17,5,10915,457,4.1869
King,2260800,01/14/2021,424,19,6,9824,416,4.2345
King,2260800,01/15/2021,460,16,7,9441,447,4.7347
King,2260800,01/16/2021,307,10,8,7117,302,4.2434
King,2260800,01/17/2021,134,22,5,2687,130,4.8381
King,2260800,01/18/2021,401,11,4,9156,391,4.2704
King,2260800,01/19/2021,443,19,7,11615,422,3.6332
King,2260800,01/20/2021,418,20,3,10349,397,3.8361
King,2260800,01/21/2021,406,25,7,9454,391,4.1358
King,2260800,01/22/2021,366,19,11,9109,352,3.8643
King,2260800,01/23/2021,299,12,4,6615,287,4.3386
King,2260800,01/24/2021,86,14,5,2450,75,3.0612
King,2260800,01/25/2021,423,16,3,12068,395,3.2731
King,2260800,01/26/2021,361,9,6,10481,326,3.1104
King,2260800,01/27/2021,344,18,4,9877,327,3.3107
King,2260800,01/28/2021,309,17,3,9655,291,3.014
King,2260800,01/29/2021,306,16,4,8019,283,3.5291
King,2260800,01/30/2021,280,19,6,6282,264,4.2025
King,2260800,01/31/2021,127,8,4,2501,92,3.6785
King,2260800,02/01/2021,379,17,5,11584,353,3.0473
King,2260800,02/02/2021,325,12,6,9577,293,3.0594
King,2260800,02/03/2021,337,16,2,9909,296,2.9872
King,2260800,02/04/2021,265,16,4,9128,240,2.6293
King,2260800,02/05/2021,247,13,6,8195,228,2.7822
King,2260800,02/06/2021,217,14,2,6251,205,3.2795
King,2260800,02/07/2021,67,10,3,2447,61,2.4928
King,2260800,02/08/2021,299,16,2,11332,278,2.4532
King,2260800,02/09/2021,252,14,4,10474,234,2.2341
King,2260800,02/10/2021,205,10,6,10069,193,1.9168
King,2260800,02/11/2021,232,7,4,9480,205,2.1624
King,2260800,02/12/2021,214,7,5,7566,191,2.5245
King,2260800,02/13/2021,38,11,4,2151,33,1.5342
King,2260800,02/14/2021,35,5,1,1537,23,1.4964
King,2260800,02/15/2021,138,10,3,6291,116,1.8439
King,2260800,02/16/2021,284,8,7,10279,259,2.5197
King,2260800,02/17/2021,192,7,6,8452,178,2.106
King,2260800,02/18/2021,189,10,1,7511,177,2.3565
King,2260800,02/19/2021,135,8,7,6948,123,1.7703
King,2260800,02/20/2021,144,12,5,5320,132,2.4812
King,2260800,02/21/2021,78,13,4,2301,59,2.5641
King,2260800,02/22/2021,209,6,5,10165,182,1.7905
King,2260800,02/23/2021,187,2,1,9521,172,1.8065
King,2260800,02/24/2021,164,9,3,9134,148,1.6203
King,2260800,02/25/2021,188,3,3,7991,174,2.1774
King,2260800,02/26/2021,156,8,7,7204,147,2.0405
King,2260800,02/27/2021,128,4,6,5036,120,2.3828
King,2260800,02/28/2021,66,8,1,2136,44,2.0599
King,2260800,03/01/2021,215,10,0,9484,194,2.0456
King,2260800,03/02/2021,205,6,2,8674,190,2.1905
King,2260800,03/03/2021,171,9,1,8484,137,1.6148
King,2260800,03/04/2021,154,3,3,7217,131,1.8152
King,2260800,03/05/2021,189,5,2,7182,166,2.3113
King,2260800,03/06/2021,115,5,2,4794,95,1.9816
King,2260800,03/07/2021,76,9,0,1939,46,2.3724
King,2260800,03/08/2021,239,7,3,9628,217,2.2538
King,2260800,03/09/2021,207,7,2,8123,184,2.2652
King,2260800,03/10/2021,207,10,0,8198,183,2.2323
King,2260800,03/11/2021,188,2,4,6779,174,2.5668
King,2260800,03/12/2021,194,8,0,6771,162,2.3926
King,2260800,03/13/2021,162,5,2,4900,149,3.0408
King,2260800,03/14/2021,64,14,2,1942,52,2.6777
King,2260800,03/15/2021,298,7,2,9847,273,2.7724
King,2260800,03/16/2021,228,6,1,8657,212,2.4489
King,2260800,03/17/2021,231,7,1,8307,203,2.4437
King,2260800,03/18/2021,264,14,2,7484,229,3.0599
King,2260800,03/19/2021,230,14,2,7419,208,2.8036
King,2260800,03/20/2021,201,9,3,5267,178,3.3795
King,2260800,03/21/2021,109,10,0,2050,82,4
King,2260800,03/22/2021,401,6,0,9739,359,3.6862
King,2260800,03/23/2021,368,10,3,8096,328,4.0514
King,2260800,03/24/2021,385,22,2,8263,343,4.151
King,2260800,03/25/2021,361,12,3,7275,324,4.4536
King,2260800,03/26/2021,360,15,2,7872,319,4.0523
King,2260800,03/27/2021,245,7,1,5627,219,3.8919
King,2260800,03/28/2021,120,17,1,2126,73,3.4337
King,2260800,03/29/2021,440,10,2,11210,396,3.5326
King,2260800,03/30/2021,396,10,2,9580,364,3.7996
King,2260800,03/31/2021,357,17,2,9340,314,3.3619
King,2260800,04/01/2021,357,15,1,8447,312,3.6936
King,2260800,04/02/2021,361,12,2,7762,310,3.9938
King,2260800,04/03/2021,270,14,1,6214,245,3.9427
King,2260800,04/04/2021,107,7,2,1991,80,4.0181
King,2260800,04/05/2021,465,21,2,10211,418,4.0936
King,2260800,04/06/2021,382,21,1,9179,305,3.3228
King,2260800,04/07/2021,395,12,0,9247,345,3.7309
King,2260800,04/08/2021,361,14,1,8389,321,3.8264
King,2260800,04/09/2021,413,17,3,7754,345,4.4493
King,2260800,04/10/2021,281,15,6,6112,247,4.0412
King,2260800,04/11/2021,158,9,2,2066,108,5.2275
King,2260800,04/12/2021,551,18,2,10523,484,4.5994
King,2260800,04/13/2021,460,15,6,9140,398,4.3545
King,2260800,04/14/2021,495,16,3,8758,432,4.9326
King,2260800,04/15/2021,467,24,3,8066,425,5.269
King,2260800,04/16/2021,415,27,1,7574,369,4.8719
King,2260800,04/17/2021,371,20,1,5611,330,5.8813
King,2260800,04/18/2021,145,16,4,2226,101,4.5373
King,2260800,04/19/2021,591,19,0,10803,532,4.9246
King,2260800,04/20/2021,559,15,2,9642,478,4.9575
King,2260800,04/21/2021,526,22,0,8823,467,5.293
King,2260800,04/22/2021,457,27,4,8067,408,5.0576
King,2260800,04/23/2021,421,17,1,7406,382,5.158
King,2260800,04/24/2021,323,20,1,5656,296,5.2334
King,2260800,04/25/2021,111,20,2,2028,93,4.5858
King,2260800,04/26/2021,586,18,4,10368,557,5.3723
King,2260800,04/27/2021,519,25,4,8821,484,5.4869
King,2260800,04/28/2021,507,24,2,8031,463,5.7652
King,2260800,04/29/2021,487,13,0,7499,444,5.9208
King,2260800,04/30/2021,420,21,2,6884,381,5.5346
King,2260800,05/01/2021,262,16,1,4617,228,4.9383
King,2260800,05/02/2021,132,9,3,1976,105,5.3138
King,2260800,05/03/2021,507,13,0,9948,481,4.8351
King,2260800,05/04/2021,415,22,1,8444,382,4.5239
King,2260800,05/05/2021,386,14,1,7703,353,4.5826
King,2260800,05/06/2021,341,19,4,7264,308,4.2401
King,2260800,05/07/2021,297,15,2,6337,278,4.3869
King,2260800,05/08/2021,222,16,3,4758,189,3.9723
King,2260800,05/09/2021,82,12,3,1850,61,3.2973
King,2260800,05/10/2021,360,9,1,8823,327,3.7062
King,2260800,05/11/2021,295,16,3,7505,260,3.4644
King,2260800,05/12/2021,296,19,3,7459,273,3.66
King,2260800,05/13/2021,221,11,4,6355,207,3.2573
King,2260800,05/14/2021,219,17,3,5948,194,3.2616
King,2260800,05/15/2021,170,11,2,3932,154,3.9166
King,2260800,05/16/2021,70,7,1,1820,57,3.1319
King,2260800,05/17/2021,287,13,2,8170,259,3.1701
King,2260800,05/18/2021,195,11,3,6908,173,2.5043
King,2260800,05/19/2021,176,13,2,4779,160,3.348
King,2260800,05/20/2021,155,10,2,2740,138,5.0365
King,2260800,05/21/2021,136,13,3,4411,127,2.8792
King,2260800,05/22/2021,134,8,3,3592,129,3.5913
King,2260800,05/23/2021,56,12,4,1830,48,2.623
King,2260800,05/24/2021,179,13,4,7994,170,2.1266
King,2260800,05/25/2021,154,7,2,6442,148,2.2974
King,2260800,05/26/2021,137,13,3,5913,121,2.0463
King,2260800,05/27/2021,123,10,0,4947,117,2.3651
King,2260800,05/28/2021,124,9,2,4217,110,2.6085
King,2260800,05/29/2021,79,6,1,3027,69,2.2795
King,2260800,05/30/2021,34,13,3,1838,30,1.6322
King,2260800,05/31/2021,60,6,2,2528,54,2.1361
King,2260800,06/01/2021,181,14,1,7538,164,2.1756
King,2260800,06/02/2021,124,9,3,5379,111,2.0636
King,2260800,06/03/2021,110,5,0,4756,105,2.2077
King,2260800,06/04/2021,102,4,2,4625,93,2.0108
King,2260800,06/05/2021,79,6,1,3572,74,2.0717
King,2260800,06/06/2021,35,4,1,1713,21,1.2259
King,2260800,06/07/2021,103,7,0,7147,93,1.3012
King,2260800,06/08/2021,108,6,2,5545,94,1.6952
King,2260800,06/09/2021,94,10,0,5513,89,1.6144
King,2260800,06/10/2021,85,4,1,4820,75,1.556
King,2260800,06/11/2021,94,5,1,4353,87,1.9986
King,2260800,06/12/2021,43,4,2,3807,42,1.1032
King,2260800,06/13/2021,42,6,0,1814,37,2.0397
King,2260800,06/14/2021,114,6,3,7218,102,1.4131
King,2260800,06/15/2021,73,4,1,5821,66,1.1338
King,2260800,06/16/2021,62,5,4,5360,55,1.0261
King,2260800,06/17/2021,73,3,3,4979,58,1.1649
King,2260800,06/18/2021,79,4,2,4639,64,1.3796
King,2260800,06/19/2021,64,6,1,3972,62,1.5609
King,2260800,06/20/2021,32,2,1,1607,22,1.369
King,2260800,06/21/2021,102,8,1,7069,96,1.358
King,2260800,06/22/2021,50,8,0,5567,46,0.8263
King,2260800,06/23/2021,69,7,0,5330,62,1.1632
King,2260800,06/24/2021,87,6,2,4974,72,1.4475
King,2260800,06/25/2021,79,5,0,4375,66,1.5086
King,2260800,06/26/2021,31,4,3,3460,28,0.8092
King,2260800,06/27/2021,23,3,1,1705,22,1.2903
King,2260800,06/28/2021,58,3,0,5099,47,0.9217
King,2260800,06/29/2021,84,4,2,5783,74,1.2796
King,2260800,06/30/2021,88,7,1,5179,78,1.5061
King,2260800,07/01/2021,91,4,1,4665,75,1.6077
King,2260800,07/02/2021,90,2,1,4511,79,1.7513
King,2260800,07/03/2021,70,3,2,3894,63,1.6179
King,2260800,07/04/2021,23,4,0,1328,20,1.506
King,2260800,07/05/2021,71,2,1,3330,59,1.7718
King,2260800,07/06/2021,135,3,1,7107,123,1.7307
King,2260800,07/07/2021,132,5,2,5531,114,2.0611
King,2260800,07/08/2021,130,6,2,5045,125,2.4777
King,2260800,07/09/2021,136,9,2,4977,123,2.4714
King,2260800,07/10/2021,119,5,1,4154,107,2.5758
King,2260800,07/11/2021,67,5,1,1820,54,2.967
King,2260800,07/12/2021,167,10,1,7346,155,2.11
King,2260800,07/13/2021,142,6,0,5188,135,2.6022
King,2260800,07/14/2021,175,7,0,2066,161,7.7928
King,2260800,07/15/2021,188,11,1,1280,171,13.3594
King,2260800,07/16/2021,162,7,0,1720,145,8.4302
King,2260800,07/17/2021,115,4,0,3854,107,2.7763
King,2260800,07/18/2021,67,2,0,1768,49,2.7715
King,2260800,07/19/2021,283,6,0,8328,252,3.0259
King,2260800,07/20/2021,253,8,0,6871,229,3.3328
King,2260800,07/21/2021,251,1,0,7049,223,3.1636
King,2260800,07/22/2021,278,8,1,7090,248,3.4979
King,2260800,07/23/2021,271,7,1,6654,231,3.4716
King,2260800,07/24/2021,252,7,0,5567,221,3.9698
King,2260800,07/25/2021,111,10,2,1941,74,3.8125
King,2260800,07/26/2021,432,12,1,9885,389,3.9353
King,2260800,07/27/2021,378,12,1,8227,332,4.0355
King,2260800,07/28/2021,388,19,1,8530,353,4.1383
King,2260800,07/29/2021,469,10,0,8703,420,4.8259
King,2260800,07/30/2021,459,9,1,8773,412,4.6962
King,2260800,07/31/2021,346,18,0,7146,312,4.3661
King,2260800,08/01/2021,125,9,1,1968,76,3.8618
King,2260800,08/02/2021,674,14,0,12138,624,5.1409
King,2260800,08/03/2021,593,19,1,10604,527,4.9698
King,2260800,08/04/2021,661,20,1,11180,591,5.2862
King,2260800,08/05/2021,687,12,1,10779,619,5.7426
King,2260800,08/06/2021,667,17,4,10480,587,5.6011
King,2260800,08/07/2021,510,29,3,8602,449,5.2197
King,2260800,08/08/2021,213,23,1,2157,157,7.2786
King,2260800,08/09/2021,884,30,4,14069,795,5.6507
King,2260800,08/10/2021,778,14,2,12753,689,5.4027
King,2260800,08/11/2021,773,31,3,12985,689,5.3061
King,2260800,08/12/2021,654,28,2,11413,569,4.9855
King,2260800,08/13/2021,563,30,3,9009,495,5.4945
King,2260800,08/14/2021,474,20,4,7468,408,5.4633
King,2260800,08/15/2021,198,28,4,2145,152,7.0862
King,2260800,08/16/2021,952,19,3,13941,812,5.8245
King,2260800,08/17/2021,729,30,8,12429,667,5.3665
King,2260800,08/18/2021,652,26,1,13501,563,4.1701
King,2260800,08/19/2021,680,27,1,12464,610,4.8941
King,2260800,08/20/2021,645,29,10,11530,585,5.0737
King,2260800,08/21/2021,506,15,4,8211,428,5.2125
King,2260800,08/22/2021,188,28,2,2216,127,5.731
King,2260800,08/23/2021,887,31,4,15033,788,5.2418
King,2260800,08/24/2021,757,21,6,12958,673,5.1937
King,2260800,08/25/2021,668,23,3,12844,598,4.6559
King,2260800,08/26/2021,699,26,4,12148,617,5.079
King,2260800,08/27/2021,680,37,2,11064,628,5.6761
King,2260800,08/28/2021,517,28,5,8994,446,4.9589
King,2260800,08/29/2021,212,19,5,2430,158,6.5021
King,2260800,08/30/2021,838,19,5,15027,762,5.0709
King,2260800,08/31/2021,683,24,3,13996,618,4.4155
King,2260800,09/01/2021,630,28,4,13861,575,4.1483
King,2260800,09/02/2021,654,18,9,13003,589,4.5297
King,2260800,09/03/2021,580,26,7,11893,519,4.3639
King,2260800,09/04/2021,465,17,4,8259,422,5.1096
King,2260800,09/05/2021,192,25,3,2467,140,5.6749
King,2260800,09/06/2021,370,19,6,5147,306,5.9452
King,2260800,09/07/2021,956,25,6,16012,873,5.4522
King,2260800,09/08/2021,707,24,7,14327,649,4.5299
King,2260800,09/09/2021,752,21,4,13059,679,5.1995
King,2260800,09/10/2021,605,21,2,12518,557,4.4496
King,2260800,09/11/2021,441,17,3,8782,425,4.8394
King,2260800,09/12/2021,161,16,2,2223,116,5.2182
King,2260800,09/13/2021,825,25,2,15583,748,4.8001
King,2260800,09/14/2021,585,17,5,12784,519,4.0598
King,2260800,09/15/2021,544,17,9,13835,497,3.5923
King,2260800,09/16/2021,574,19,5,14177,520,3.6679
King,2260800,09/17/2021,447,17,2,12195,416,3.4112
King,2260800,09/18/2021,356,21,5,8845,324,3.6631
King,2260800,09/19/2021,144,18,3,2376,99,4.1667
King,2260800,09/20/2021,666,19,4,16331,619,3.7903
King,2260800,09/21/2021,594,18,3,14565,538,3.6938
King,2260800,09/22/2021,591,11,2,14724,536,3.6403
King,2260800,09/23/2021,563,7,2,14935,508,3.4014
King,2260800,09/24/2021,517,21,9,12667,478,3.7736
King,2260800,09/25/2021,409,12,6,8897,373,4.1924
King,2260800,09/26/2021,134,15,5,2876,94,3.2684
King,2260800,09/27/2021,700,16,0,16989,640,3.7671
King,2260800,09/28/2021,529,12,2,14474,466,3.2196
King,2260800,09/29/2021,531,9,7,14657,496,3.384
King,2260800,09/30/2021,515,20,3,14653,462,3.1529
King,2260800,10/01/2021,530,15,9,12260,489,3.9886
King,2260800,10/02/2021,391,7,1,9236,355,3.8437
King,2260800,10/03/2021,137,7,1,2733,99,3.6224
King,2260800,10/04/2021,643,12,0,17033,600,3.5226
King,2260800,10/05/2021,465,16,2,14936,435,2.9124
King,2260800,10/06/2021,522,16,3,15002,489,3.2596
King,2260800,10/07/2021,462,10,5,13444,421,3.1315
King,2260800,10/08/2021,413,17,4,11718,378,3.2258
King,2260800,10/09/2021,318,22,4,8582,294,3.4258
King,2260800,10/10/2021,104,10,4,2628,83,3.1583
King,2260800,10/11/2021,549,14,7,15531,522,3.361
King,2260800,10/12/2021,435,11,5,13331,407,3.053
King,2260800,10/13/2021,472,12,4,14062,422,3.001
King,2260800,10/14/2021,426,14,5,12863,388,3.0164
King,2260800,10/15/2021,422,13,2,10568,389,3.6809
King,2260800,10/16/2021,335,15,5,7453,305,4.0923
King,2260800,10/17/2021,128,12,5,2667,98,3.6745
King,2260800,10/18/2021,627,15,4,15170,588,3.8761
King,2260800,10/19/2021,432,13,6,12633,389,3.0792
King,2260800,10/20/2021,446,12,6,12638,415,3.2837
King,2260800,10/21/2021,443,11,3,12476,403,3.2302
King,2260800,10/22/2021,458,15,4,10344,422,4.0797
King,2260800,10/23/2021,307,7,7,7817,286,3.6587
King,2260800,10/24/2021,109,11,7,2388,89,3.727
King,2260800,10/25/2021,529,16,3,14201,495,3.4857
King,2260800,10/26/2021,446,15,2,12376,413,3.3371
King,2260800,10/27/2021,469,15,1,12518,431,3.443
King,2260800,10/28/2021,426,13,7,12276,385,3.1362
King,2260800,10/29/2021,375,12,2,10467,339,3.2388
King,2260800,10/30/2021,289,12,2,7954,267,3.3568
King,2260800,10/31/2021,101,7,3,2434,69,2.8348
King,2260800,11/01/2021,475,15,5,14238,437,3.0693
King,2260800,11/02/2021,400,16,2,12743,365,2.8643
King,2260800,11/03/2021,387,12,3,13001,365,2.8075
King,2260800,11/04/2021,410,11,1,12673,380,2.9985
King,2260800,11/05/2021,351,15,2,10498,323,3.0768
King,2260800,11/06/2021,283,14,1,7537,263,3.4895
King,2260800,11/07/2021,100,10,3,2571,82,3.1894
King,2260800,11/08/2021,410,20,2,14811,378,2.5522
King,2260800,11/09/2021,301,12,4,11549,272,2.3552
King,2260800,11/10/2021,331,17,4,11961,300,2.5082
King,2260800,11/11/2021,264,11,2,9827,244,2.483
King,2260800,11/12/2021,363,24,2,10640,330,3.1015
King,2260800,11/13/2021,265,6,0,7600,244,3.2105
King,2260800,11/14/2021,86,14,2,2641,65,2.4612
King,2260800,11/15/2021,432,8,5,12987,407,3.1339
King,2260800,11/16/2021,370,13,3,11656,354,3.0371
King,2260800,11/17/2021,281,8,3,11582,266,2.2967
King,2260800,11/18/2021,268,10,3,11822,254,2.1485
King,2260800,11/19/2021,260,12,0,10965,245,2.2344
King,2260800,11/20/2021,203,3,3,9230,190,2.0585
King,2260800,11/21/2021,69,6,3,3139,52,1.6566
King,2260800,11/22/2021,317,10,5,18112,301,1.6619
King,2260800,11/23/2021,273,6,0,15656,253,1.616
King,2260800,11/24/2021,281,11,3,12312,255,2.0712
King,2260800,11/25/2021,53,5,1,1342,44,3.2787
King,2260800,11/26/2021,270,8,6,8239,252,3.0586
King,2260800,11/27/2021,258,9,4,8137,245,3.0109
King,2260800,11/28/2021,117,8,4,3179,95,2.9884
King,2260800,11/29/2021,471,9,1,15301,441,2.8822
King,2260800,11/30/2021,372,11,2,12031,343,2.851
King,2260800,12/01/2021,345,10,3,12402,318,2.5641
King,2260800,12/02/2021,362,9,4,12596,329,2.6119
King,2260800,12/03/2021,299,7,1,11076,276,2.4919
King,2260800,12/04/2021,191,5,1,8408,172,2.0457
King,2260800,12/05/2021,99,10,1,3399,87,2.5596
King,2260800,12/06/2021,383,10,3,14352,362,2.5223
King,2260800,12/07/2021,292,11,3,11845,262,2.2119
King,2260800,12/08/2021,344,9,1,12634,326,2.5803
King,2260800,12/09/2021,295,6,1,12528,274,2.1871
King,2260800,12/10/2021,348,7,1,11272,322,2.8566
King,2260800,12/11/2021,287,5,0,8380,282,3.3652
King,2260800,12/12/2021,136,8,1,3884,128,3.2956
King,2260800,12/13/2021,623,9,4,15382,600,3.9007
King,2260800,12/14/2021,708,12,3,14514,671,4.6231
King,2260800,12/15/2021,900,11,0,15871,838,5.2801
King,2260800,12/16/2021,917,10,1,17109,846,4.9448
King,2260800,12/17/2021,1073,9,0,17314,1002,5.7872
King,2260800,12/18/2021,977,13,0,14064,922,6.5557
King,2260800,12/19/2021,537,14,1,6044,463,7.6605
King,2260800,12/20/2021,2295,11,3,23926,2221,9.2828
King,2260800,12/21/2021,2596,21,4,24291,2501,10.296
King,2260800,12/22/2021,2929,22,3,24388,2774,11.3744
King,2260800,12/23/2021,3117,18,3,25175,2967,11.7855
King,2260800,12/24/2021,2379,23,0,15830,2330,14.7189
King,2260800,12/25/2021,379,18,4,1489,353,23.7072
King,2260800,12/26/2021,586,19,2,3061,518,16.9226
King,2260800,12/27/2021,2171,24,3,9982,2015,20.1863
King,2260800,12/28/2021,3931,27,0,13284,3506,26.3927
King,2260800,12/29/2021,5661,32,4,18032,5149,28.5548
King,2260800,12/30/2021,3573,35,5,13487,3310,24.5422
King,2260800,12/31/2021,3610,36,4,12317,3381,27.4499
King,2260800,01/01/2022,1305,38,5,3821,1119,29.2855
King,2260800,01/02/2022,1884,39,4,6873,1682,24.4726
King,2260800,01/03/2022,7695,54,6,26882,7026,26.1364
King,2260800,01/04/2022,9086,62,2,26675,8280,31.0403
King,2260800,01/05/2022,8500,59,6,25217,7713,30.5865
King,2260800,01/06/2022,8081,67,9,24955,7255,29.0723
King,2260800,01/07/2022,7403,64,11,23234,6746,29.035
King,2260800,01/08/2022,4957,47,10,16111,4664,28.9492
King,2260800,01/09/2022,2236,63,9,6511,2006,30.8094
King,2260800,01/10/2022,7950,67,8,25805,7300,28.2891
King,2260800,01/11/2022,7003,74,9,23887,6345,26.5626
King,2260800,01/12/2022,6466,62,16,22934,5900,25.726
King,2260800,01/13/2022,6331,53,7,22727,5726,25.1947
King,2260800,01/14/2022,5791,55,8,19526,5216,26.7131
King,2260800,01/15/2022,3786,40,12,13575,3529,25.9963
King,2260800,01/16/2022,1227,56,7,4174,1045,25.0359
King,2260800,01/17/2022,4707,58,8,17305,4398,25.4146
King,2260800,01/18/2022,5810,57,10,21077,5293,25.1127
King,2260800,01/19/2022,4750,48,4,18157,4282,23.5832
King,2260800,01/20/2022,4859,57,7,19201,4343,22.6186
King,2260800,01/21/2022,3902,49,4,15315,3579,23.3692
King,2260800,01/22/2022,2654,33,12,10689,2474,23.1453
King,2260800,01/23/2022,1072,29,13,4282,875,20.4344
King,2260800,01/24/2022,3770,41,8,17421,3457,19.8439
King,2260800,01/25/2022,3196,44,9,15452,2917,18.8778
King,2260800,01/26/2022,2732,34,7,14247,2531,17.7651
King,2260800,01/27/2022,2429,38,10,13512,2201,16.2892
King,2260800,01/28/2022,2015,47,10,11489,1847,16.0762
King,2260800,01/29/2022,1322,35,8,7519,1226,16.3054
King,2260800,01/30/2022,600,24,10,3381,508,15.0251
King,2260800,01/31/2022,2448,38,8,14587,2234,15.315
King,2260800,02/01/2022,1788,26,10,11769,1609,13.6715
King,2260800,02/02/2022,1435,27,10,11411,1331,11.6642
King,2260800,02/03/2022,1350,20,10,10437,1233,11.8137
King,2260800,02/04/2022,1230,28,5,9093,1127,12.3941
King,2260800,02/05/2022,934,15,14,6279,878,13.9831
King,2260800,02/06/2022,413,16,10,2964,350,11.8084
King,2260800,02/07/2022,1471,33,6,11898,1353,11.3717
King,2260800,02/08/2022,979,11,12,9283,877,9.4474
King,2260800,02/09/2022,932,10,6,9756,858,8.7946
King,2260800,02/10/2022,820,13,5,8732,742,8.4975
King,2260800,02/11/2022,678,14,6,7116,617,8.6706
King,2260800,02/12/2022,527,13,4,5215,503,9.6453
King,2260800,02/13/2022,214,7,7,2611,181,6.9322
King,2260800,02/14/2022,770,20,6,9314,715,7.6766
King,2260800,02/15/2022,598,12,6,8912,557,6.25
King,2260800,02/16/2022,526,8,4,10351,475,4.5889
King,2260800,02/17/2022,519,11,8,9625,475,4.9351
King,2260800,02/18/2022,399,13,12,7430,382,5.1413
King,2260800,02/19/2022,318,7,6,5373,306,5.6951
King,2260800,02/20/2022,167,11,2,2523,142,5.6282
King,2260800,02/21/2022,370,10,3,5700,331,5.807
King,2260800,02/22/2022,363,12,5,7781,334,4.2925
King,2260800,02/23/2022,347,12,6,7115,332,4.6662
King,2260800,02/24/2022,307,7,5,6321,285,4.5088
King,2260800,02/25/2022,318,11,3,5782,307,5.3096
King,2260800,02/26/2022,242,10,7,4227,233,5.5122
King,2260800,02/27/2022,114,8,6,2238,100,4.4683
King,2260800,02/28/2022,379,7,2,7868,354,4.4992
King,2260800,03/01/2022,327,9,6,6957,305,4.3841
King,2260800,03/02/2022,301,2,5,6320,287,4.5411
King,2260800,03/03/2022,244,5,1,6136,228,3.7158
King,2260800,03/04/2022,225,6,3,5114,215,4.2041
King,2260800,03/05/2022,182,8,4,3485,173,4.9641
King,2260800,03/06/2022,75,4,3,1951,72,3.6904
King,2260800,03/07/2022,251,3,3,6470,243,3.7558
King,2260800,03/08/2022,207,3,5,6161,194,3.1488
King,2260800,03/09/2022,251,7,4,6004,239,3.9807
King,2260800,03/10/2022,172,6,1,5586,164,2.9359
King,2260800,03/11/2022,146,4,6,4549,143,3.1435
King,2260800,03/12/2022,121,3,3,3363,115,3.4196
King,2260800,03/13/2022,65,7,1,1887,54,2.8617
King,2260800,03/14/2022,239,1,4,6195,229,3.6965
King,2260800,03/15/2022,208,3,4,6450,199,3.0853
King,2260800,03/16/2022,204,2,3,6048,191,3.1581
King,2260800,03/17/2022,211,5,3,5705,197,3.4531
King,2260800,03/18/2022,183,6,2,4871,169,3.4695
King,2260800,03/19/2022,130,5,3,3573,125,3.4985
King,2260800,03/20/2022,86,6,4,2067,79,3.822
King,2260800,03/21/2022,294,3,2,6605,273,4.1332
King,2260800,03/22/2022,287,5,3,6009,267,4.4433
King,2260800,03/23/2022,317,3,2,5906,299,5.0626
King,2260800,03/24/2022,263,2,4,5703,250,4.3837
King,2260800,03/25/2022,288,1,1,4776,267,5.5905
King,2260800,03/26/2022,244,2,1,3507,235,6.7009
King,2260800,03/27/2022,152,6,1,2140,141,6.5888
King,2260800,03/28/2022,448,6,0,6820,432,6.3343
King,2260800,03/29/2022,373,3,0,5908,362,6.1273
King,2260800,03/30/2022,451,3,0,5576,419,7.5143
King,2260800,03/31/2022,425,6,2,5795,400,6.9025
King,2260800,04/01/2022,391,8,0,4703,370,7.8673
King,2260800,04/02/2022,309,8,0,3350,300,8.9552
King,2260800,04/03/2022,184,3,0,1942,168,8.6509
King,2260800,04/04/2022,612,8,3,6896,588,8.5267
King,2260800,04/05/2022,585,5,4,6214,547,8.8027
King,2260800,04/06/2022,672,5,2,6013,644,10.7101
King,2260800,04/07/2022,584,7,0,5914,551,9.3169
King,2260800,04/08/2022,552,5,1,5160,526,10.1938
King,2260800,04/09/2022,409,2,3,3604,390,10.8213
King,2260800,04/10/2022,242,2,2,2194,221,10.0729
King,2260800,04/11/2022,742,7,0,6338,705,11.1234
King,2260800,04/12/2022,714,4,0,6054,689,11.3809
King,2260800,04/13/2022,701,4,0,5629,671,11.9204
King,2260800,04/14/2022,712,9,1,5919,676,11.4208
King,2260800,04/15/2022,613,8,0,5169,580,11.2207
King,2260800,04/16/2022,565,8,2,4059,534,13.1559
King,2260800,04/17/2022,292,6,2,2158,272,12.6043
King,2260800,04/18/2022,992,19,0,8404,924,10.9948
King,2260800,04/19/2022,900,9,1,6300,843,13.381
King,2260800,04/20/2022,946,8,0,6360,888,13.9623
King,2260800,04/21/2022,828,6,2,6352,766,12.0592
King,2260800,04/22/2022,818,14,3,5531,773,13.9758
King,2260800,04/23/2022,604,12,0,3897,578,14.8319
King,2260800,04/24/2022,481,10,2,2799,445,15.8985
King,2260800,04/25/2022,1151,9,2,7469,1071,14.3393
King,2260800,04/26/2022,1058,13,0,6911,977,14.1369
King,2260800,04/27/2022,1124,11,2,7174,1060,14.7756
King,2260800,04/28/2022,993,11,1,6856,931,13.5793
King,2260800,04/29/2022,954,13,5,6225,863,13.8635
King,2260800,04/30/2022,737,10,4,4275,698,16.3275
King,2260800,05/01/2022,546,14,2,2934,507,17.2802
King,2260800,05/02/2022,1386,12,3,8617,1257,14.5874
King,2260800,05/03/2022,1227,10,4,7956,1145,14.3917
King,2260800,05/04/2022,1351,8,0,7761,1248,16.0804
King,2260800,05/05/2022,1156,13,3,7703,1050,13.6311
King,2260800,05/06/2022,872,8,4,5995,808,13.4779
King,2260800,05/07/2022,949,12,2,5225,908,17.378
King,2260800,05/08/2022,601,8,3,3252,558,17.1587
King,2260800,05/09/2022,1620,19,2,9385,1521,16.2067
King,2260800,05/10/2022,1411,13,4,8580,1325,15.4429
King,2260800,05/11/2022,1411,17,0,8239,1338,16.2398
King,2260800,05/12/2022,1253,22,2,7977,1171,14.6797
King,2260800,05/13/2022,1237,16,4,7120,1168,16.4045
King,2260800,05/14/2022,1000,15,2,5021,955,19.0201
King,2260800,05/15/2022,687,17,2,3511,629,17.9151
King,2260800,05/16/2022,1717,16,1,9065,1584,17.4738
King,2260800,05/17/2022,1620,15,5,8440,1503,17.8081
King,2260800,05/18/2022,1435,13,2,7966,1332,16.7211
King,2260800,05/19/2022,1360,21,2,7712,1267,16.4289
King,2260800,05/20/2022,1216,22,1,7212,1134,15.7238
King,2260800,05/21/2022,932,6,5,4680,898,19.188
King,2260800,05/22/2022,643,12,4,3065,600,19.5759
King,2260800,05/23/2022,1724,18,3,9088,1614,17.7597
King,2260800,05/24/2022,1565,17,3,8174,1472,18.0083
King,2260800,05/25/2022,1500,17,2,7393,1401,18.9504
King,2260800,05/26/2022,1397,12,0,7573,1279,16.8889
King,2260800,05/27/2022,1231,13,6,6182,1146,18.5377
King,2260800,05/28/2022,877,16,3,4122,831,20.1601
King,2260800,05/29/2022,551,10,1,2763,506,18.3134
King,2260800,05/30/2022,397,11,2,2286,347,15.1794
King,2260800,05/31/2022,1875,15,1,9160,1752,19.1266
King,2260800,06/01/2022,1540,16,3,6957,1423,20.4542
King,2260800,06/02/2022,1353,13,4,7109,1282,18.0335
King,2260800,06/03/2022,1186,20,3,5979,1096,18.3308
King,2260800,06/04/2022,854,10,3,3997,803,20.0901
King,2260800,06/05/2022,601,20,1,2786,547,19.6339
King,2260800,06/06/2022,1351,14,2,7386,1249,16.9104
King,2260800,06/07/2022,1216,22,6,6249,1134,18.1469
King,2260800,06/08/2022,1228,21,2,6238,1143,18.3232
King,2260800,06/09/2022,1076,27,2,6202,1008,16.2528
King,2260800,06/10/2022,991,15,2,5283,908,17.1872
King,2260800,06/11/2022,728,18,2,3808,687,18.041
King,2260800,06/12/2022,515,17,3,2675,474,17.7196
King,2260800,06/13/2022,1327,18,2,7028,1236,17.5868
King,2260800,06/14/2022,1139,18,2,6091,1068,17.5341
King,2260800,06/15/2022,1215,11,2,6030,1143,18.9552
King,2260800,06/16/2022,987,14,2,5946,912,15.338
King,2260800,06/17/2022,1039,14,4,5604,991,17.6838
King,2260800,06/18/2022,918,15,3,4137,864,20.8847
King,2260800,06/19/2022,599,24,3,2744,550,20.0437
King,2260800,06/20/2022,1330,15,4,6462,1244,19.251
King,2260800,06/21/2022,1338,16,1,6045,1254,20.7444
King,2260800,06/22/2022,1289,14,3,5826,1221,20.9578
King,2260800,06/23/2022,1088,17,2,5658,1026,18.1336
King,2260800,06/24/2022,1055,25,4,5072,994,19.5978
King,2260800,06/25/2022,812,13,4,3505,776,22.1398
King,2260800,06/26/2022,533,25,7,2421,484,19.9917
King,2260800,06/27/2022,1329,25,3,5921,1272,21.4829
King,2260800,06/28/2022,1269,15,1,5436,1204,22.1486
King,2260800,06/29/2022,1231,18,1,5294,1163,21.9683
King,2260800,06/30/2022,1157,17,5,5363,1106,20.6228
King,2260800,07/01/2022,1058,12,4,4767,1001,20.9985
King,2260800,07/02/2022,787,25,3,3478,756,21.7366
King,2260800,07/03/2022,528,19,2,2566,493,19.2128
King,2260800,07/04/2022,343,21,0,1851,317,17.1259
King,2260800,07/05/2022,1601,23,7,6531,1534,23.488
King,2260800,07/06/2022,1227,21,2,5221,1177,22.5436
King,2260800,07/07/2022,1095,22,4,5002,1036,20.7117
King,2260800,07/08/2022,1060,27,3,4656,1002,21.5206
King,2260800,07/09/2022,742,8,3,3403,708,20.8052
King,2260800,07/10/2022,526,18,1,2405,487,20.2495
King,2260800,07/11/2022,1271,29,4,5667,1219,21.5105
King,2260800,07/12/2022,1110,19,2,4889,1052,21.5177
King,2260800,07/13/2022,1033,15,1,4754,988,20.7825
King,2260800,07/14/2022,948,19,0,4584,912,19.8953
King,2260800,07/15/2022,865,23,8,4200,835,19.881
King,2260800,07/16/2022,695,23,4,3133,669,21.3533
King,2260800,07/17/2022,487,15,3,2229,453,20.323
King,2260800,07/18/2022,1139,16,4,5484,1087,19.8213
King,2260800,07/19/2022,975,23,3,4684,928,19.8121
King,2260800,07/20/2022,900,20,5,4411,863,19.5647
King,2260800,07/21/2022,805,15,1,4295,761,17.7183
King,2260800,07/22/2022,794,11,3,4039,753,18.6432
King,2260800,07/23/2022,608,16,1,3024,580,19.1799
King,2260800,07/24/2022,441,13,2,2036,413,20.2849
King,2260800,07/25/2022,906,19,0,4826,870,18.0274
King,2260800,07/26/2022,843,17,4,4210,804,19.0974
King,2260800,07/27/2022,764,15,5,3741,724,19.3531
King,2260800,07/28/2022,689,14,4,4054,666,16.4282
King,2260800,07/29/2022,605,16,3,3387,577,17.0357
King,2260800,07/30/2022,499,18,3,2697,472,17.5009
King,2260800,07/31/2022,362,20,4,1903,337,17.7089
King,2260800,08/01/2022,740,13,4,4420,705,15.9502
King,2260800,08/02/2022,651,16,6,3882,635,16.3575
King,2260800,08/03/2022,645,18,4,3602,621,17.2404
King,2260800,08/04/2022,575,18,4,3807,535,14.0531
King,2260800,08/05/2022,556,19,2,3215,527,16.3919
King,2260800,08/06/2022,406,13,5,2474,398,16.0873
King,2260800,08/07/2022,334,15,3,1827,312,17.0772
King,2260800,08/08/2022,704,21,4,4233,666,15.7335
King,2260800,08/09/2022,591,15,3,3555,553,15.5556
King,2260800,08/10/2022,593,12,4,3518,572,16.2592
King,2260800,08/11/2022,540,18,6,3630,514,14.1598
King,2260800,08/12/2022,446,10,2,2884,429,14.8752
King,2260800,08/13/2022,366,13,4,2370,347,14.6414
King,2260800,08/14/2022,259,10,4,1726,240,13.905
King,2260800,08/15/2022,577,13,4,4036,549,13.6026
King,2260800,08/16/2022,511,12,3,3441,488,14.1819
King,2260800,08/17/2022,485,16,5,3324,463,13.929
King,2260800,08/18/2022,437,14,2,3454,422,12.2177
King,2260800,08/19/2022,378,14,1,2855,353,12.3643
King,2260800,08/20/2022,307,16,3,2294,296,12.9032
King,2260800,08/21/2022,234,10,3,1763,221,12.5355
King,2260800,08/22/2022,514,17,3,3692,494,13.3803
King,2260800,08/23/2022,451,8,1,3133,429,13.6929
King,2260800,08/24/2022,432,10,3,2843,413,14.5269
King,2260800,08/25/2022,373,4,4,3051,359,11.7666
King,2260800,08/26/2022,324,13,5,2542,307,12.0771
King,2260800,08/27/2022,273,9,7,2087,259,12.4102
King,2260800,08/28/2022,191,9,2,1551,173,11.1541
King,2260800,08/29/2022,428,10,3,3397,407,11.9812
King,2260800,08/30/2022,394,13,3,3227,372,11.5277
King,2260800,08/31/2022,387,15,4,2798,377,13.4739
King,2260800,09/01/2022,321,14,1,2749,304,11.0586
King,2260800,09/02/2022,350,11,1,2309,331,14.3352
King,2260800,09/03/2022,201,8,2,1620,191,11.7901
King,2260800,09/04/2022,184,8,2,1553,172,11.0753
King,2260800,09/05/2022,148,10,0,1503,135,8.982
King,2260800,09/06/2022,477,13,7,3738,456,12.199
King,2260800,09/07/2022,392,13,3,2079,374,17.9894
King,2260800,09/08/2022,313,12,2,2601,295,11.3418
King,2260800,09/09/2022,304,11,4,2370,278,11.73
King,2260800,09/10/2022,243,13,4,1784,228,12.7803
King,2260800,09/11/2022,206,8,2,1553,186,11.9768
King,2260800,09/12/2022,423,8,2,3384,408,12.0567
King,2260800,09/13/2022,357,14,3,2864,337,11.7668
King,2260800,09/14/2022,429,8,1,2710,403,14.8708
King,2260800,09/15/2022,312,9,0,2650,288,10.8679
King,2260800,09/16/2022,344,12,1,2412,333,13.806
King,2260800,09/17/2022,234,8,1,1944,231,11.8827
King,2260800,09/18/2022,168,13,1,1598,165,10.3254
King,2260800,09/19/2022,503,16,6,3675,485,13.1973
King,2260800,09/20/2022,466,10,4,3301,449,13.6019
King,2260800,09/21/2022,415,7,3,2751,399,14.5038
King,2260800,09/22/2022,361,9,3,3055,333,10.9002
King,2260800,09/23/2022,357,7,2,2515,338,13.4394
King,2260800,09/24/2022,269,11,2,1881,260,13.8224
King,2260800,09/25/2022,222,10,1,1716,217,12.6457
King,2260800,09/26/2022,496,22,2,3477,468,13.4599
King,2260800,09/27/2022,413,14,3,2890,394,13.6332
King,2260800,09/28/2022,375,12,2,2797,364,13.0139
King,2260800,09/29/2022,326,12,1,2685,314,11.6946
King,2260800,09/30/2022,303,12,4,2254,295,13.0878
King,2260800,10/01/2022,207,7,2,1660,197,11.8675
King,2260800,10/02/2022,168,7,4,1531,159,10.3854
King,2260800,10/03/2022,397,3,6,3021,378,12.5124
King,2260800,10/04/2022,323,5,3,2736,311,11.367
King,2260800,10/05/2022,285,6,2,2323,276,11.8812
King,2260800,10/06/2022,259,2,1,2313,251,10.8517
King,2260800,10/07/2022,222,6,0,1931,213,11.0306
King,2260800,10/08/2022,184,11,0,1596,179,11.2155
King,2260800,10/09/2022,126,5,2,1384,126,9.104
King,2260800,10/10/2022,318,11,1,2862,295,10.3075
King,2260800,10/11/2022,262,4,4,2495,245,9.8196
King,2260800,10/12/2022,263,4,2,2282,253,11.0868
King,2260800,10/13/2022,219,4,1,2226,204,9.1644
King,2260800,10/14/2022,213,5,1,1982,206,10.3935
King,2260800,10/15/2022,139,5,2,1434,135,9.4142
King,2260800,10/16/2022,128,4,0,1481,120,8.1026
King,2260800,10/17/2022,269,11,0,2788,251,9.0029
King,2260800,10/18/2022,247,4,5,2522,234,9.2784
King,2260800,10/19/2022,196,10,2,2029,173,8.5264
King,2260800,10/20/2022,126,6,2,1641,121,7.3736
King,2260800,10/21/2022,195,8,2,2068,184,8.8975
King,2260800,10/22/2022,132,4,1,1462,127,8.6867
King,2260800,10/23/2022,111,5,1,1464,109,7.4454
King,2260800,10/24/2022,224,7,3,2966,215,7.2488
King,2260800,10/25/2022,217,9,1,2723,208,7.6386
King,2260800,10/26/2022,188,5,1,2252,177,7.8597
King,2260800,10/27/2022,187,7,0,2338,166,7.1001
King,2260800,10/28/2022,157,5,0,1937,150,7.7439
King,2260800,10/29/2022,143,6,0,1409,136,9.6522
King,2260800,10/30/2022,95,6,0,1535,88,5.7329
King,2260800,10/31/2022,195,8,1,2757,182,6.6014
King,2260800,11/01/2022,193,5,0,2432,186,7.648
King,2260800,11/02/2022,182,9,1,2224,177,7.9586
King,2260800,11/03/2022,145,6,2,1945,136,6.9923
King,2260800,11/04/2022,135,14,0,1804,128,7.0953
King,2260800,11/05/2022,95,5,0,1234,95,7.6985
King,2260800,11/06/2022,102,1,0,515,104,20.1942
King,2260800,11/07/2022,57,0,0,68,67,98.5294
King,2260800,,177,167,0,,,
